,month,r2,bw
0,2020-02,0.9240581699354522,14.0
1,2020-04,0.3607146900310664,80.0
2,2020-08,0.8222428878088781,23.0
3,2020-11,0.7351116472393532,34.0
