,ww_0_6,ww_7_10,ww_11_15,ww_16_19,ww_20_23,we_0_6,we_7_10,we_11_15,we_16_19,we_20_23,unemployed_perc,rent_social_perc,level4_perc,car_3_over_perc,young_16_34_per,102,1057,320,422,425,947
p_crime,0.0,0.0,0.0,0.0,0.019847768925939757,0.0,0.0,4.440892098500626e-16,0.0,0.0,0.0,0.0,0.0,1.0,0.8469216143481926,0.0,0.0,0.0,0.9593184503091707,8.01581023779363e-14,0.0
Bicycle theft,1.0,1.0,0.21066454827787084,1.0,1.0,1.0,1.0,2.240874152903416e-12,1.0,1.0,1.0,0.0,0.0,1.068271628978934e-05,0.0,0.0,1.0,1.3993473046980398e-11,1.0,1.0,1.0
Burglary,0.0001089193885102091,1.0,0.055405939800740045,1.0,1.0,1.0,1.0,1.0,0.0004711069057024009,3.981310038758679e-06,0.0009221083333814661,0.0,0.0,1.0,8.34614396705291e-07,0.0,1.0,1.0,0.7268708814021319,0.01910252330921236,0.0
Criminal damage and arson,0.047051996297576615,0.11405766818186591,2.0081647456038354e-10,1.0,0.0,1.3895145301034972e-07,0.010319871975548844,0.017873132533420932,1.0,0.0,0.0,0.0,0.0,0.0,0.8564811033792195,1.0297678265658305e-09,0.0,1.9584334154387761e-13,0.0,0.0,0.0
Robbery,0.0,0.0,0.0,1.0,1.0,0.0,0.0,1.2789769243681803e-13,0.0,0.0,0.0,0.0,0.006039433957088836,0.0007311833915160104,4.165312812443034e-07,0.0,1.613636533281948e-07,3.501687828588729e-11,3.1086244689504383e-15,0.0,0.0
Shoplifting,0.0,0.0,0.0,0.07795672803310372,1.0,0.6538352729165775,0.0,0.0,1.0,5.517808432387028e-13,2.149925752115145e-05,0.31139410746137464,6.413145783201735e-05,0.5985541861742956,0.6330590733984331,0.0,0.0,1.0,0.0,0.0,0.0
Theft from the person,0.0,0.0,0.0,1.0,2.7272685954038423e-06,0.0,0.0,0.0,0.0,1.0,0.2557223707644656,0.0,0.5166017310843887,5.224709553885987e-13,0.0028516928463866442,0.0,0.0,0.0,0.0,0.0,1.0
Vehicle crime,1.0,1.0,1.0,0.3198400626693778,1.0,1.0,1.0,0.0,1.0,2.582378755278114e-13,0.0,0.0,2.220446049250313e-15,0.7222596827336258,0.0,1.0,1.0,1.0240897019286876e-10,1.0,8.673540441428429e-08,0.00016817803903790285
